filename,time_abs(%Y-%m-%dT%H:%M:%S.%f),time_rel(sec)
xa.s12.00.mhz.1970-01-19HR00_evid00002.mseed,1970-01-19T00:46:06.853679,2766.188679245283
xa.s12.00.mhz.1970-01-19HR00_evid00002.mseed,1970-01-19T03:10:43.834811,11443.169811320755
xa.s12.00.mhz.1970-01-19HR00_evid00002.mseed,1970-01-19T03:14:43.683868,11683.018867924528
xa.s12.00.mhz.1970-01-19HR00_evid00002.mseed,1970-01-19T03:40:58.325377,13257.66037735849
xa.s12.00.mhz.1970-01-19HR00_evid00002.mseed,1970-01-19T04:06:18.174434,14777.509433962265
xa.s12.00.mhz.1970-01-19HR00_evid00002.mseed,1970-01-19T04:23:13.570660,15792.905660377359
xa.s12.00.mhz.1970-01-19HR00_evid00002.mseed,1970-01-19T05:46:00.966887,20760.30188679245
xa.s12.00.mhz.1970-01-19HR00_evid00002.mseed,1970-01-19T06:18:41.872547,22721.20754716981
xa.s12.00.mhz.1970-01-19HR00_evid00002.mseed,1970-01-19T07:27:01.193302,26820.528301886792
xa.s12.00.mhz.1970-01-19HR00_evid00002.mseed,1970-01-19T09:33:13.872547,34393.20754716981
xa.s12.00.mhz.1970-01-19HR00_evid00002.mseed,1970-01-19T10:00:50.929151,36050.264150943396
xa.s12.00.mhz.1970-01-19HR00_evid00002.mseed,1970-01-19T10:12:35.532925,36754.8679245283
xa.s12.00.mhz.1970-01-19HR00_evid00002.mseed,1970-01-19T10:26:41.570660,37600.90566037736
xa.s12.00.mhz.1970-01-19HR00_evid00002.mseed,1970-01-19T12:02:14.702736,43334.03773584906
xa.s12.00.mhz.1970-01-19HR00_evid00002.mseed,1970-01-19T12:26:42.023491,44801.35849056604
xa.s12.00.mhz.1970-01-19HR00_evid00002.mseed,1970-01-19T15:16:51.834811,55011.16981132075
xa.s12.00.mhz.1970-01-19HR00_evid00002.mseed,1970-01-19T15:26:39.910283,55599.24528301887
xa.s12.00.mhz.1970-01-19HR00_evid00002.mseed,1970-01-19T20:13:28.966887,72808.30188679245
xa.s12.00.mhz.1970-01-19HR00_evid00002.mseed,1970-01-19T20:24:52.287642,73491.62264150943
xa.s12.00.mhz.1970-03-25HR00_evid00003.mseed,1970-03-25T05:00:31.081509,18030.64150943396
xa.s12.00.mhz.1970-03-25HR00_evid00003.mseed,1970-03-25T21:17:33.723019,76653.28301886792
xa.s12.00.mhz.1970-03-26HR00_evid00004.mseed,1970-03-26T06:38:21.848019,23901.283018867925
xa.s12.00.mhz.1970-03-26HR00_evid00004.mseed,1970-03-26T12:29:01.093302,44940.52830188679
xa.s12.00.mhz.1970-03-26HR00_evid00004.mseed,1970-03-26T20:20:39.810283,73239.24528301887
xa.s12.00.mhz.1970-03-26HR00_evid00004.mseed,1970-03-26T21:44:39.357453,78278.7924528302
xa.s12.00.mhz.1970-04-25HR00_evid00006.mseed,1970-04-25T09:35:01.931849,34501.735849056604
xa.s12.00.mhz.1970-04-26HR00_evid00007.mseed,1970-04-26T00:11:29.263774,688.6037735849056
xa.s12.00.mhz.1970-04-26HR00_evid00007.mseed,1970-04-26T14:33:25.641132,52404.981132075474
xa.s12.00.mhz.1970-04-26HR00_evid00007.mseed,1970-04-26T18:41:14.773208,67274.11320754717
xa.s12.00.mhz.1970-04-26HR00_evid00007.mseed,1970-04-26T18:58:01.867547,68281.2075471698
xa.s12.00.mhz.1970-06-15HR00_evid00008.mseed,1970-06-15T03:38:50.019434,13129.509433962265
xa.s12.00.mhz.1970-06-15HR00_evid00008.mseed,1970-06-15T10:50:33.717547,39033.20754716981
xa.s12.00.mhz.1970-06-15HR00_evid00008.mseed,1970-06-15T11:09:32.132642,40171.622641509435
xa.s12.00.mhz.1970-06-15HR00_evid00008.mseed,1970-06-15T11:42:04.585472,42124.07547169811
xa.s12.00.mhz.1970-06-15HR00_evid00008.mseed,1970-06-15T11:55:35.453396,42934.943396226416
xa.s12.00.mhz.1970-06-15HR00_evid00008.mseed,1970-06-15T12:14:17.264717,44056.75471698113
xa.s12.00.mhz.1970-06-15HR00_evid00008.mseed,1970-06-15T12:28:31.604340,44911.09433962264
xa.s12.00.mhz.1970-06-15HR00_evid00008.mseed,1970-06-15T12:51:31.377925,46290.8679245283
xa.s12.00.mhz.1970-06-15HR00_evid00008.mseed,1970-06-15T12:56:21.943962,46581.43396226415
xa.s12.00.mhz.1970-06-15HR00_evid00008.mseed,1970-06-15T13:11:56.736415,47516.22641509434
xa.s12.00.mhz.1970-06-15HR00_evid00008.mseed,1970-06-15T13:23:14.019434,48193.50943396227
xa.s12.00.mhz.1970-06-15HR00_evid00008.mseed,1970-06-15T17:24:04.132642,62643.622641509435
xa.s12.00.mhz.1970-06-15HR00_evid00008.mseed,1970-06-15T19:01:43.453396,68502.94339622642
xa.s12.00.mhz.1970-06-26HR00_evid00009.mseed,1970-06-26T20:03:21.323547,72201.2075471698
xa.s12.00.mhz.1970-07-20HR00_evid00010.mseed,1970-07-20T03:25:53.090774,12352.603773584906
xa.s12.00.mhz.1970-07-20HR00_evid00010.mseed,1970-07-20T05:08:33.845491,18513.35849056604
xa.s12.00.mhz.1970-07-20HR00_evid00010.mseed,1970-07-20T11:45:48.411528,42347.92452830189
xa.s12.00.mhz.1970-07-20HR00_evid00010.mseed,1970-07-20T21:37:59.430396,77878.94339622642
xa.s12.00.mhz.1970-07-20HR00_evid00011.mseed,1970-07-20T03:25:53.090774,12352.603773584906
xa.s12.00.mhz.1970-07-20HR00_evid00011.mseed,1970-07-20T05:08:33.845491,18513.35849056604
xa.s12.00.mhz.1970-07-20HR00_evid00011.mseed,1970-07-20T11:45:48.411528,42347.92452830189
xa.s12.00.mhz.1970-07-20HR00_evid00011.mseed,1970-07-20T21:37:59.430396,77878.94339622642
xa.s12.00.mhz.1970-09-26HR00_evid00013.mseed,1970-09-26T00:11:21.205604,681.0566037735849
xa.s12.00.mhz.1970-09-26HR00_evid00013.mseed,1970-09-26T06:54:41.507491,24881.35849056604
xa.s12.00.mhz.1970-10-24HR00_evid00014.mseed,1970-10-24T04:42:42.315321,16961.811320754718
xa.s12.00.mhz.1970-10-24HR00_evid00014.mseed,1970-10-24T04:50:08.654943,17408.150943396227
xa.s12.00.mhz.1970-10-24HR00_evid00014.mseed,1970-10-24T09:33:47.070038,34426.56603773585
xa.s12.00.mhz.1970-10-24HR00_evid00014.mseed,1970-10-24T10:38:22.994566,38302.49056603773
xa.s12.00.mhz.1970-10-24HR00_evid00014.mseed,1970-10-24T13:46:36.579472,49596.07547169811
xa.s12.00.mhz.1970-10-24HR00_evid00014.mseed,1970-10-24T17:10:11.824755,61811.32075471698
xa.s12.00.mhz.1970-10-24HR00_evid00014.mseed,1970-10-24T17:17:05.258717,62224.75471698113
xa.s12.00.mhz.1970-10-24HR00_evid00014.mseed,1970-10-24T17:44:15.598340,63855.09433962264
xa.s12.00.mhz.1970-10-24HR00_evid00014.mseed,1970-10-24T20:01:57.334189,72116.83018867925
xa.s12.00.mhz.1970-10-24HR00_evid00014.mseed,1970-10-24T22:08:03.220981,79682.71698113208
xa.s12.00.mhz.1970-11-12HR00_evid00015.mseed,1970-11-12T02:49:58.737736,10198.037735849057
xa.s12.00.mhz.1970-11-12HR00_evid00015.mseed,1970-11-12T03:15:42.284906,11741.584905660377
xa.s12.00.mhz.1970-11-12HR00_evid00015.mseed,1970-11-12T04:19:22.058491,15561.358490566037
xa.s12.00.mhz.1970-11-12HR00_evid00015.mseed,1970-11-12T04:41:23.567925,16882.867924528302
xa.s12.00.mhz.1970-11-12HR00_evid00015.mseed,1970-11-12T14:59:00.171698,53939.47169811321
xa.s12.00.mhz.1970-11-12HR00_evid00015.mseed,1970-11-12T17:46:33.756604,63993.056603773584
xa.s12.00.mhz.1970-11-12HR00_evid00015.mseed,1970-11-12T18:00:26.511321,64825.811320754714
xa.s12.00.mhz.1970-11-12HR00_evid00015.mseed,1970-11-12T18:28:58.511321,66537.81132075471
xa.s12.00.mhz.1970-11-12HR00_evid00015.mseed,1970-11-12T18:55:00.624528,68099.92452830188
xa.s12.00.mhz.1970-11-12HR00_evid00015.mseed,1970-11-12T19:28:45.228302,70124.52830188679
xa.s12.00.mhz.1970-11-12HR00_evid00015.mseed,1970-11-12T19:43:35.794340,71015.09433962264
xa.s12.00.mhz.1970-11-12HR00_evid00015.mseed,1970-11-12T19:53:27.341509,71606.64150943396
xa.s12.00.mhz.1970-11-12HR00_evid00015.mseed,1970-11-12T20:10:57.907547,72657.2075471698
xa.s12.00.mhz.1970-11-12HR00_evid00015.mseed,1970-11-12T20:22:33.152830,73352.45283018867
xa.s12.00.mhz.1970-11-12HR00_evid00015.mseed,1970-11-12T20:42:32.549057,74551.84905660378
xa.s12.00.mhz.1970-11-12HR00_evid00015.mseed,1970-11-12T20:58:29.228302,75508.52830188679
xa.s12.00.mhz.1970-11-12HR00_evid00015.mseed,1970-11-12T21:17:50.284906,76669.58490566038
xa.s12.00.mhz.1970-11-12HR00_evid00015.mseed,1970-11-12T21:28:09.001887,77288.30188679245
xa.s12.00.mhz.1970-11-12HR00_evid00015.mseed,1970-11-12T21:32:46.284906,77565.58490566038
xa.s12.00.mhz.1970-11-12HR00_evid00015.mseed,1970-11-12T21:37:29.756604,77849.05660377358
xa.s12.00.mhz.1970-11-12HR00_evid00015.mseed,1970-11-12T22:00:24.850943,79224.15094339622
xa.s12.00.mhz.1970-11-12HR00_evid00015.mseed,1970-11-12T22:16:17.001887,80176.30188679245
xa.s12.00.mhz.1970-11-12HR00_evid00015.mseed,1970-11-12T22:29:18.435849,80957.7358490566
xa.s12.00.mhz.1970-11-12HR00_evid00015.mseed,1970-11-12T22:44:18.209434,81857.50943396226
xa.s12.00.mhz.1970-11-12HR00_evid00015.mseed,1970-11-12T23:14:47.945283,83687.24528301887
xa.s12.00.mhz.1970-11-12HR00_evid00015.mseed,1970-11-12T23:31:45.907547,84705.2075471698
xa.s12.00.mhz.1970-12-11HR00_evid00017.mseed,1970-12-11T06:35:22.288264,23721.962264150945
xa.s12.00.mhz.1970-12-11HR00_evid00017.mseed,1970-12-11T07:24:05.458075,26645.132075471698
xa.s12.00.mhz.1970-12-11HR00_evid00017.mseed,1970-12-11T13:32:56.476943,48776.15094339623
xa.s12.00.mhz.1970-12-11HR00_evid00017.mseed,1970-12-11T14:22:32.476943,51752.15094339623
xa.s12.00.mhz.1970-12-11HR00_evid00017.mseed,1970-12-11T14:56:59.948642,53819.622641509435
xa.s12.00.mhz.1970-12-11HR00_evid00017.mseed,1970-12-11T16:19:47.042981,58786.71698113208
xa.s12.00.mhz.1970-12-11HR00_evid00017.mseed,1970-12-11T18:02:37.759962,64957.43396226415
xa.s12.00.mhz.1970-12-27HR00_evid00019.mseed,1970-12-27T06:30:35.233981,23434.716981132075
xa.s12.00.mhz.1970-12-27HR00_evid00019.mseed,1970-12-27T20:37:00.441528,74219.92452830188
xa.s12.00.mhz.1970-12-31HR00_evid00021.mseed,1970-12-31T02:25:05.546547,8705.207547169812
xa.s12.00.mhz.1970-12-31HR00_evid00021.mseed,1970-12-31T15:31:41.622019,55901.28301886792
xa.s12.00.mhz.1970-12-31HR00_evid00021.mseed,1970-12-31T15:44:27.961642,56667.622641509435
xa.s12.00.mhz.1971-01-15HR00_evid00022.mseed,1971-01-15T00:10:00.107057,599.8490566037735
xa.s12.00.mhz.1971-01-15HR00_evid00022.mseed,1971-01-15T05:25:21.767434,19521.509433962263
xa.s12.00.mhz.1971-01-15HR00_evid00022.mseed,1971-01-15T06:32:04.937245,23524.67924528302
xa.s12.00.mhz.1971-01-15HR00_evid00022.mseed,1971-01-15T12:23:02.748566,44582.49056603773
xa.s12.00.mhz.1971-01-15HR00_evid00022.mseed,1971-01-15T12:40:50.673094,45650.41509433962
xa.s12.00.mhz.1971-01-15HR00_evid00022.mseed,1971-01-15T16:05:53.012717,57952.75471698113
xa.s12.00.mhz.1971-01-15HR00_evid00022.mseed,1971-01-15T20:47:54.220264,74873.96226415095
xa.s12.00.mhz.1971-01-28HR00_evid00023.mseed,1971-01-28T11:57:51.026453,43070.79245283019
xa.s12.00.mhz.1971-01-28HR00_evid00023.mseed,1971-01-28T15:01:59.177396,54118.943396226416
xa.s12.00.mhz.1971-01-29HR00_evid00024.mseed,1971-01-29T15:33:17.627962,55997.43396226415
xa.s12.00.mhz.1971-01-29HR00_evid00024.mseed,1971-01-29T16:24:56.194000,59096.0
xa.s12.00.mhz.1971-01-29HR00_evid00024.mseed,1971-01-29T16:43:00.722302,60180.52830188679
xa.s12.00.mhz.1971-01-29HR00_evid00024.mseed,1971-01-29T17:36:55.590226,63415.3962264151
xa.s12.00.mhz.1971-02-09HR00_evid00026.mseed,1971-02-09T00:21:18.971453,1278.7924528301887
xa.s12.00.mhz.1971-02-09HR00_evid00026.mseed,1971-02-09T09:54:34.745038,35674.56603773585
xa.s12.00.mhz.1971-02-09HR00_evid00026.mseed,1971-02-09T10:18:10.141264,37089.96226415094
xa.s12.00.mhz.1971-02-09HR00_evid00026.mseed,1971-02-09T11:05:12.329943,39912.15094339623
xa.s12.00.mhz.1971-02-09HR00_evid00026.mseed,1971-02-09T11:41:18.065792,42077.88679245283
xa.s12.00.mhz.1971-02-09HR00_evid00026.mseed,1971-02-09T11:56:31.122396,42990.943396226416
xa.s12.00.mhz.1971-02-09HR00_evid00026.mseed,1971-02-09T12:07:46.292208,43666.11320754717
xa.s12.00.mhz.1971-02-09HR00_evid00026.mseed,1971-02-09T12:33:14.141264,45193.96226415094
xa.s12.00.mhz.1971-02-09HR00_evid00026.mseed,1971-02-09T12:56:16.480887,46576.301886792455
xa.s12.00.mhz.1971-02-09HR00_evid00026.mseed,1971-02-09T13:38:23.726170,49103.54716981132
xa.s12.00.mhz.1971-02-09HR00_evid00026.mseed,1971-02-09T14:20:34.141264,51633.96226415094
xa.s12.00.mhz.1971-02-09HR00_evid00026.mseed,1971-02-09T14:24:43.499755,51883.32075471698
xa.s12.00.mhz.1971-02-09HR00_evid00026.mseed,1971-02-09T14:36:01.084660,52560.90566037736
xa.s12.00.mhz.1971-02-09HR00_evid00026.mseed,1971-02-09T15:00:10.443151,54010.264150943396
xa.s12.00.mhz.1971-02-09HR00_evid00026.mseed,1971-02-09T15:05:57.009189,54356.83018867925
xa.s12.00.mhz.1971-02-09HR00_evid00026.mseed,1971-02-09T15:25:49.763906,55549.58490566038
xa.s12.00.mhz.1971-02-09HR00_evid00026.mseed,1971-02-09T15:41:41.914849,56501.735849056604
xa.s12.00.mhz.1971-02-09HR00_evid00026.mseed,1971-02-09T15:52:44.707302,57164.52830188679
xa.s12.00.mhz.1971-02-09HR00_evid00026.mseed,1971-02-09T16:32:29.462019,59549.28301886792
xa.s12.00.mhz.1971-02-09HR00_evid00026.mseed,1971-02-09T16:36:34.745038,59794.56603773585
xa.s12.00.mhz.1971-02-09HR00_evid00026.mseed,1971-02-09T17:00:45.462019,61245.28301886792
xa.s12.00.mhz.1971-02-09HR00_evid00026.mseed,1971-02-09T17:11:47.046925,61906.8679245283
xa.s12.00.mhz.1971-02-09HR00_evid00026.mseed,1971-02-09T17:22:15.575226,62535.3962264151
xa.s12.00.mhz.1971-02-09HR00_evid00026.mseed,1971-02-09T18:46:01.386547,67561.2075471698
xa.s12.00.mhz.1971-02-09HR00_evid00026.mseed,1971-02-09T19:27:48.858245,70068.67924528301
xa.s12.00.mhz.1971-02-09HR00_evid00026.mseed,1971-02-09T19:32:25.084660,70344.90566037736
xa.s12.00.mhz.1971-02-09HR00_evid00026.mseed,1971-02-09T20:24:31.122396,73470.94339622642
xa.s12.00.mhz.1971-03-25HR00_evid00028.mseed,1971-03-25T19:12:42.264208,69162.11320754717
xa.s12.00.mhz.1971-04-13HR02_evid00029.mseed,1971-04-13T02:55:16.159873,747.1698113207547
xa.s12.00.mhz.1971-04-13HR02_evid00029.mseed,1971-04-13T03:03:22.046666,1233.0566037735848
xa.s12.00.mhz.1971-04-13HR02_evid00029.mseed,1971-04-13T03:26:57.291949,2648.301886792453
xa.s12.00.mhz.1971-04-13HR02_evid00029.mseed,1971-04-13T04:10:29.065534,5260.075471698113
xa.s12.00.mhz.1971-04-13HR02_evid00029.mseed,1971-04-13T05:44:19.556100,10890.566037735849
xa.s12.00.mhz.1971-04-13HR02_evid00029.mseed,1971-04-13T06:39:23.857987,14194.867924528302
xa.s12.00.mhz.1971-04-13HR02_evid00029.mseed,1971-04-13T07:05:01.216477,15732.22641509434
xa.s12.00.mhz.1971-04-13HR02_evid00029.mseed,1971-04-13T07:40:15.631571,17846.64150943396
xa.s12.00.mhz.1971-04-13HR02_evid00029.mseed,1971-04-13T07:56:44.914590,18835.924528301886
xa.s12.00.mhz.1971-04-13HR02_evid00029.mseed,1971-04-13T08:06:18.046666,19409.056603773584
xa.s12.00.mhz.1971-04-13HR02_evid00029.mseed,1971-04-13T08:51:37.442892,22128.45283018868
xa.s12.00.mhz.1971-04-13HR02_evid00029.mseed,1971-04-13T09:02:15.329685,22766.33962264151
xa.s12.00.mhz.1971-04-13HR02_evid00029.mseed,1971-04-13T09:07:30.801383,23081.811320754718
xa.s12.00.mhz.1971-04-13HR02_evid00029.mseed,1971-04-13T09:29:57.216477,24428.22641509434
xa.s12.00.mhz.1971-04-13HR02_evid00029.mseed,1971-04-13T09:33:57.820251,24668.830188679247
xa.s12.00.mhz.1971-04-13HR02_evid00029.mseed,1971-04-13T10:24:11.254213,27682.264150943396
xa.s12.00.mhz.1971-04-13HR02_evid00029.mseed,1971-04-13T10:48:28.612704,29139.622641509435
xa.s12.00.mhz.1971-04-13HR02_evid00029.mseed,1971-04-13T11:02:45.669307,29996.67924528302
xa.s12.00.mhz.1971-04-13HR02_evid00029.mseed,1971-04-13T11:24:54.273081,31325.283018867925
xa.s12.00.mhz.1971-04-13HR02_evid00029.mseed,1971-04-13T11:37:33.367420,32084.377358490565
xa.s12.00.mhz.1971-04-13HR02_evid00029.mseed,1971-04-13T11:59:42.273081,33413.28301886792
xa.s12.00.mhz.1971-04-13HR02_evid00029.mseed,1971-04-13T12:08:40.084402,33951.09433962264
xa.s12.00.mhz.1971-04-13HR02_evid00029.mseed,1971-04-13T12:11:50.273081,34141.28301886792
xa.s12.00.mhz.1971-04-13HR02_evid00029.mseed,1971-04-13T12:34:17.291949,35488.301886792455
xa.s12.00.mhz.1971-04-13HR02_evid00029.mseed,1971-04-13T12:52:54.273081,36605.28301886792
xa.s12.00.mhz.1971-04-13HR02_evid00029.mseed,1971-04-13T12:56:24.386288,36815.3962264151
xa.s12.00.mhz.1971-04-13HR02_evid00029.mseed,1971-04-13T16:20:15.480628,49046.49056603773
xa.s12.00.mhz.1971-04-17HR00_evid00030.mseed,1971-04-17T03:49:43.330396,13782.943396226416
xa.s12.00.mhz.1971-04-17HR00_evid00030.mseed,1971-04-17T04:55:05.443604,17705.056603773584
xa.s12.00.mhz.1971-04-17HR00_evid00030.mseed,1971-04-17T05:29:22.198321,19761.811320754718
xa.s12.00.mhz.1971-04-17HR00_evid00030.mseed,1971-04-17T05:53:07.707755,21187.32075471698
xa.s12.00.mhz.1971-04-17HR00_evid00030.mseed,1971-04-17T07:05:52.236057,25551.849056603773
xa.s12.00.mhz.1971-04-17HR00_evid00030.mseed,1971-04-17T16:29:30.500208,59370.11320754717
xa.s12.00.mhz.1971-05-12HR00_evid00031.mseed,1971-05-12T08:06:33.919547,29193.20754716981
xa.s12.00.mhz.1971-05-12HR00_evid00031.mseed,1971-05-12T09:47:22.825208,35242.11320754717
xa.s12.00.mhz.1971-05-12HR00_evid00032.mseed,1971-05-12T08:06:33.919547,29193.20754716981
xa.s12.00.mhz.1971-05-12HR00_evid00032.mseed,1971-05-12T09:47:22.825208,35242.11320754717
xa.s12.00.mhz.1971-05-23HR00_evid00034.mseed,1971-05-23T00:11:07.068038,666.566037735849
xa.s12.00.mhz.1971-05-23HR00_evid00034.mseed,1971-05-23T05:44:22.086906,20661.584905660377
xa.s12.00.mhz.1971-05-23HR00_evid00034.mseed,1971-05-23T22:20:52.124642,80451.62264150943
xa.s12.00.mhz.1971-06-12HR00_evid00035.mseed,1971-06-12T00:26:48.529000,1608.0
xa.s12.00.mhz.1971-06-12HR00_evid00035.mseed,1971-06-12T02:25:55.849755,8755.32075471698
xa.s12.00.mhz.1971-06-12HR00_evid00035.mseed,1971-06-12T10:52:36.604472,39156.07547169811
xa.s12.00.mhz.1971-09-25HR00_evid00042.mseed,1971-09-25T00:12:30.613736,750.0377358490566
xa.s12.00.mhz.1971-09-25HR00_evid00042.mseed,1971-09-25T03:40:12.198642,13211.622641509433
xa.s12.00.mhz.1971-09-25HR00_evid00042.mseed,1971-09-25T07:51:51.217509,28310.64150943396
xa.s12.00.mhz.1971-09-25HR00_evid00042.mseed,1971-09-25T09:00:32.425057,32431.849056603773
xa.s12.00.mhz.1971-09-25HR00_evid00042.mseed,1971-09-25T10:55:50.462792,39349.88679245283
xa.s12.00.mhz.1971-09-25HR00_evid00042.mseed,1971-09-25T11:43:48.198642,42227.622641509435
xa.s12.00.mhz.1971-10-18HR00_evid00043.mseed,1971-10-18T00:54:01.624547,3241.2075471698113
xa.s12.00.mhz.1971-10-18HR00_evid00043.mseed,1971-10-18T01:10:02.832094,4202.415094339623
xa.s12.00.mhz.1971-10-18HR00_evid00043.mseed,1971-10-18T01:20:33.020774,4832.603773584906
xa.s12.00.mhz.1971-10-18HR00_evid00043.mseed,1971-10-18T01:40:47.964170,6047.547169811321
xa.s12.00.mhz.1971-10-18HR00_evid00043.mseed,1971-10-18T01:53:40.492472,6820.075471698113
xa.s12.00.mhz.1971-10-18HR00_evid00043.mseed,1971-10-18T07:13:59.662283,26039.245283018867
xa.s12.00.mhz.1971-10-18HR00_evid00043.mseed,1971-10-18T14:21:11.964170,51671.54716981132
xa.s12.00.mhz.1971-10-18HR00_evid00043.mseed,1971-10-18T15:31:44.567943,55904.15094339623
xa.s12.00.mhz.1971-10-18HR00_evid00043.mseed,1971-10-18T16:25:58.303792,59157.88679245283
xa.s12.00.mhz.1971-10-18HR00_evid00043.mseed,1971-10-18T16:34:26.379264,59665.96226415094
xa.s12.00.mhz.1971-10-20HR00_evid00044.mseed,1971-10-20T00:10:00.274057,599.8490566037735
xa.s12.00.mhz.1971-10-20HR00_evid00044.mseed,1971-10-20T04:25:51.217453,15950.792452830188
xa.s12.00.mhz.1971-10-20HR00_evid00044.mseed,1971-10-20T07:27:51.972170,26871.54716981132
xa.s12.00.mhz.1971-10-20HR00_evid00044.mseed,1971-10-20T11:54:04.349528,42843.92452830189
xa.s12.00.mhz.1971-10-20HR00_evid00044.mseed,1971-10-20T14:21:27.821226,51687.3962264151
xa.s12.00.mhz.1971-10-20HR00_evid00044.mseed,1971-10-20T18:08:55.972170,65335.54716981132
xa.s12.00.mhz.1971-10-20HR00_evid00044.mseed,1971-10-20T21:25:07.896698,77107.47169811321
xa.s12.00.mhz.1971-10-20HR00_evid00044.mseed,1971-10-20T23:09:21.179717,83360.75471698113
xa.s12.00.mhz.1971-10-31HR00_evid00045.mseed,1971-10-31T00:10:00.269057,599.8490566037735
xa.s12.00.mhz.1971-10-31HR00_evid00045.mseed,1971-10-31T00:21:14.835094,1274.4150943396226
xa.s12.00.mhz.1971-10-31HR00_evid00045.mseed,1971-10-31T00:54:02.231321,3241.811320754717
xa.s12.00.mhz.1971-10-31HR00_evid00045.mseed,1971-10-31T05:32:58.986038,19978.56603773585
xa.s12.00.mhz.1971-10-31HR00_evid00045.mseed,1971-10-31T07:18:12.344528,26291.924528301886
xa.s12.00.mhz.1971-10-31HR00_evid00045.mseed,1971-10-31T12:26:31.665283,44791.24528301887
xa.s12.00.mhz.1971-10-31HR00_evid00045.mseed,1971-10-31T12:40:12.797358,45612.377358490565
xa.s12.00.mhz.1971-10-31HR00_evid00045.mseed,1971-10-31T12:53:28.872830,46408.45283018868
xa.s12.00.mhz.1971-10-31HR00_evid00045.mseed,1971-10-31T13:00:15.514340,46815.09433962264
xa.s12.00.mhz.1971-10-31HR00_evid00045.mseed,1971-10-31T14:01:54.835094,50514.41509433962
xa.s12.00.mhz.1971-10-31HR00_evid00045.mseed,1971-10-31T14:17:41.250189,51460.83018867925
xa.s12.00.mhz.1971-10-31HR00_evid00045.mseed,1971-10-31T14:32:35.136981,52354.71698113208
xa.s12.00.mhz.1971-10-31HR00_evid00045.mseed,1971-10-31T14:44:48.872830,53088.45283018868
xa.s12.00.mhz.1971-10-31HR00_evid00045.mseed,1971-10-31T20:00:43.438868,72043.01886792453
xa.s12.00.mhz.1971-10-31HR00_evid00045.mseed,1971-10-31T20:29:33.250189,73772.83018867925
xa.s12.00.mhz.1971-10-31HR00_evid00045.mseed,1971-10-31T21:03:35.967170,75815.54716981133
xa.s12.00.mhz.1971-11-14HR00_evid00046.mseed,1971-11-14T00:46:02.715208,2762.1132075471696
xa.s12.00.mhz.1972-01-04HR00_evid00049.mseed,1972-01-04T01:41:14.984925,6074.867924528302
xa.s12.00.mhz.1972-01-04HR00_evid00049.mseed,1972-01-04T02:12:56.871717,7976.754716981132
xa.s12.00.mhz.1972-01-04HR00_evid00049.mseed,1972-01-04T06:36:53.098132,23812.98113207547
xa.s12.00.mhz.1972-01-04HR00_evid00049.mseed,1972-01-04T10:16:41.928321,37001.811320754714
xa.s12.00.mhz.1972-01-04HR00_evid00049.mseed,1972-01-04T12:01:02.154736,43262.03773584906
xa.s12.00.mhz.1972-01-04HR00_evid00049.mseed,1972-01-04T14:24:31.664170,51871.54716981132
xa.s12.00.mhz.1972-01-04HR00_evid00049.mseed,1972-01-04T15:57:53.173604,57473.056603773584
xa.s12.00.mhz.1972-01-04HR00_evid00049.mseed,1972-01-04T23:17:23.135868,83843.01886792453
xa.s12.00.mhz.1972-03-12HR00_evid00052.mseed,1972-03-12T00:11:21.171717,680.7547169811321
xa.s12.00.mhz.1972-03-12HR00_evid00052.mseed,1972-03-12T05:22:20.794358,19340.377358490565
xa.s12.00.mhz.1972-03-12HR00_evid00052.mseed,1972-03-12T06:53:01.398132,24780.98113207547
xa.s12.00.mhz.1972-03-12HR00_evid00052.mseed,1972-03-12T07:52:34.228321,28353.811320754718
xa.s12.00.mhz.1972-03-12HR00_evid00052.mseed,1972-03-12T08:06:20.643415,29180.22641509434
xa.s12.00.mhz.1972-03-12HR00_evid00052.mseed,1972-03-12T14:10:09.171717,51008.75471698113
xa.s12.00.mhz.1972-05-11HR00_evid00055.mseed,1972-05-11T00:10:00.425057,599.8490566037735
xa.s12.00.mhz.1972-05-11HR00_evid00055.mseed,1972-05-11T00:18:51.292981,1130.7169811320755
xa.s12.00.mhz.1972-05-11HR00_evid00055.mseed,1972-05-11T00:36:44.349585,2203.7735849056603
xa.s12.00.mhz.1972-05-11HR00_evid00055.mseed,1972-05-11T01:24:19.896755,5059.320754716981
xa.s12.00.mhz.1972-05-11HR00_evid00055.mseed,1972-05-11T01:51:45.481660,6704.905660377359
xa.s12.00.mhz.1972-05-11HR00_evid00055.mseed,1972-05-11T02:10:50.840151,7850.264150943396
xa.s12.00.mhz.1972-05-11HR00_evid00055.mseed,1972-05-11T02:19:59.368453,8398.792452830188
xa.s12.00.mhz.1972-05-11HR00_evid00055.mseed,1972-05-11T02:30:01.028830,9000.452830188678
xa.s12.00.mhz.1972-05-11HR00_evid00055.mseed,1972-05-11T03:05:44.726943,11144.150943396226
xa.s12.00.mhz.1972-05-11HR00_evid00055.mseed,1972-05-11T03:53:55.745811,14035.169811320755
xa.s12.00.mhz.1972-05-11HR00_evid00055.mseed,1972-05-11T04:02:31.066566,14550.490566037735
xa.s12.00.mhz.1972-05-11HR00_evid00055.mseed,1972-05-11T04:14:43.142038,15282.566037735849
xa.s12.00.mhz.1972-05-11HR00_evid00055.mseed,1972-05-11T04:41:35.519396,16894.943396226416
xa.s12.00.mhz.1972-05-11HR00_evid00055.mseed,1972-05-11T04:49:19.066566,17358.490566037737
xa.s12.00.mhz.1972-05-11HR00_evid00055.mseed,1972-05-11T05:06:15.368453,18374.79245283019
xa.s12.00.mhz.1972-05-11HR00_evid00055.mseed,1972-05-11T05:17:50.160906,19069.584905660377
xa.s12.00.mhz.1972-05-11HR00_evid00055.mseed,1972-05-11T05:24:33.481660,19472.905660377357
xa.s12.00.mhz.1972-05-11HR00_evid00055.mseed,1972-05-11T05:54:17.934491,21257.35849056604
xa.s12.00.mhz.1972-05-11HR00_evid00055.mseed,1972-05-11T06:24:08.726943,23048.150943396227
xa.s12.00.mhz.1972-05-11HR00_evid00055.mseed,1972-05-11T06:43:36.425057,24215.849056603773
xa.s12.00.mhz.1972-05-11HR00_evid00055.mseed,1972-05-11T07:03:31.896755,25411.32075471698
xa.s12.00.mhz.1972-05-11HR00_evid00055.mseed,1972-05-11T07:11:59.821283,25919.245283018867
xa.s12.00.mhz.1972-05-11HR00_evid00055.mseed,1972-05-11T07:16:19.745811,26179.169811320753
xa.s12.00.mhz.1972-05-11HR00_evid00055.mseed,1972-05-11T07:57:32.651472,28652.075471698114
xa.s12.00.mhz.1972-05-11HR00_evid00055.mseed,1972-05-11T08:17:40.651472,29860.075471698114
xa.s12.00.mhz.1972-05-11HR00_evid00055.mseed,1972-05-11T09:02:22.462792,32541.88679245283
xa.s12.00.mhz.1972-05-11HR00_evid00055.mseed,1972-05-11T09:15:02.613736,33302.03773584906
xa.s12.00.mhz.1972-05-11HR00_evid00055.mseed,1972-05-11T09:29:30.991094,34170.41509433962
xa.s12.00.mhz.1972-05-11HR00_evid00055.mseed,1972-05-11T09:41:16.500528,34875.92452830189
xa.s12.00.mhz.1972-05-11HR00_evid00055.mseed,1972-05-11T10:20:26.840151,37226.264150943396
xa.s12.00.mhz.1972-05-11HR00_evid00055.mseed,1972-05-11T10:36:28.198642,38187.622641509435
xa.s12.00.mhz.1972-05-11HR00_evid00055.mseed,1972-05-11T10:45:50.613736,38750.03773584906
xa.s12.00.mhz.1972-05-11HR00_evid00055.mseed,1972-05-11T10:57:21.028830,39440.45283018868
xa.s12.00.mhz.1972-05-11HR00_evid00055.mseed,1972-05-11T11:14:28.802415,40468.22641509434
xa.s12.00.mhz.1972-05-11HR00_evid00055.mseed,1972-05-11T11:25:51.217509,41150.64150943396
xa.s12.00.mhz.1972-05-11HR00_evid00055.mseed,1972-05-11T11:51:51.066566,42710.49056603773
xa.s12.00.mhz.1972-05-11HR00_evid00055.mseed,1972-05-11T12:31:28.123170,45087.54716981132
xa.s12.00.mhz.1972-05-11HR00_evid00055.mseed,1972-05-11T13:03:55.896755,47035.32075471698
xa.s12.00.mhz.1972-05-11HR00_evid00055.mseed,1972-05-11T13:22:33.934491,48153.35849056604
xa.s12.00.mhz.1972-05-11HR00_evid00055.mseed,1972-05-11T13:34:37.104302,48876.52830188679
xa.s12.00.mhz.1972-05-11HR00_evid00055.mseed,1972-05-11T16:30:35.443925,59434.8679245283
xa.s12.00.mhz.1972-05-11HR00_evid00055.mseed,1972-05-11T16:42:09.330717,60128.75471698113
xa.s12.00.mhz.1972-05-11HR00_evid00055.mseed,1972-05-11T17:00:45.104302,61244.52830188679
xa.s12.00.mhz.1972-05-11HR00_evid00055.mseed,1972-05-11T17:11:26.160906,61885.58490566038
xa.s12.00.mhz.1972-05-11HR00_evid00055.mseed,1972-05-11T17:27:53.783547,62873.20754716981
xa.s12.00.mhz.1972-05-11HR00_evid00055.mseed,1972-05-11T17:48:05.708075,64085.1320754717
xa.s12.00.mhz.1972-05-11HR00_evid00055.mseed,1972-05-11T18:06:05.859019,65165.28301886792
xa.s12.00.mhz.1972-05-11HR00_evid00055.mseed,1972-05-11T18:43:38.387321,67417.81132075471
xa.s12.00.mhz.1972-05-11HR00_evid00055.mseed,1972-05-11T19:06:22.613736,68782.03773584905
xa.s12.00.mhz.1972-05-11HR00_evid00055.mseed,1972-05-11T19:20:06.915623,69606.3396226415
xa.s12.00.mhz.1972-05-11HR00_evid00055.mseed,1972-05-11T19:29:33.255245,70172.67924528301
xa.s12.00.mhz.1972-05-11HR00_evid00055.mseed,1972-05-11T19:41:08.802415,70868.22641509434
xa.s12.00.mhz.1972-05-11HR00_evid00055.mseed,1972-05-11T19:58:55.670340,71935.09433962264
xa.s12.00.mhz.1972-05-11HR00_evid00055.mseed,1972-05-11T20:08:11.896755,72491.32075471699
xa.s12.00.mhz.1972-05-11HR00_evid00055.mseed,1972-05-11T20:19:38.085434,73177.50943396226
xa.s12.00.mhz.1972-05-11HR00_evid00055.mseed,1972-05-11T20:42:50.840151,74570.2641509434
xa.s12.00.mhz.1972-05-11HR00_evid00055.mseed,1972-05-11T20:54:47.368453,75286.7924528302
xa.s12.00.mhz.1972-05-11HR00_evid00055.mseed,1972-05-11T21:22:29.859019,76949.28301886792
xa.s12.00.mhz.1972-05-11HR00_evid00055.mseed,1972-05-11T21:31:15.594868,77475.01886792453
xa.s12.00.mhz.1972-05-11HR00_evid00055.mseed,1972-05-11T22:33:11.972226,81191.39622641509
xa.s12.00.mhz.1972-05-11HR00_evid00055.mseed,1972-05-11T23:53:46.085434,86025.50943396226
xa.s12.00.mhz.1972-06-16HR00_evid00060.mseed,1972-06-16T00:11:42.002792,701.8867924528302
xa.s12.00.mhz.1972-06-16HR00_evid00060.mseed,1972-06-16T02:44:52.342415,9892.22641509434
xa.s12.00.mhz.1972-06-16HR00_evid00060.mseed,1972-06-16T19:07:40.644302,68860.52830188679
xa.s12.00.mhz.1972-06-16HR00_evid00060.mseed,1972-06-16T20:06:15.663170,72375.54716981133
xa.s12.00.mhz.1972-06-16HR00_evid00060.mseed,1972-06-16T20:49:40.493358,74980.37735849057
xa.s12.00.mhz.1972-07-17HR00_evid00067.mseed,1972-07-17T21:59:24.712302,79164.52830188679
xa.s12.00.mhz.1972-07-17HR00_evid00068.mseed,1972-07-17T21:59:24.712302,79164.52830188679
xa.s12.00.mhz.1972-07-28HR00_evid00070.mseed,1972-07-28T18:07:24.211472,65244.07547169811
xa.s12.00.mhz.1972-07-28HR00_evid00070.mseed,1972-07-28T18:25:08.060528,66307.92452830188
xa.s12.00.mhz.1972-07-28HR00_evid00070.mseed,1972-07-28T18:37:43.834113,67063.69811320755
xa.s12.00.mhz.1972-07-28HR00_evid00070.mseed,1972-07-28T18:58:31.985057,68311.84905660378
xa.s12.00.mhz.1972-07-28HR00_evid00070.mseed,1972-07-28T19:18:13.720906,69493.58490566038
xa.s12.00.mhz.1972-07-28HR00_evid00070.mseed,1972-07-28T19:59:05.494491,71945.35849056604
xa.s12.00.mhz.1972-07-28HR00_evid00070.mseed,1972-07-28T20:24:56.739774,73496.60377358491
xa.s12.00.mhz.1972-07-28HR00_evid00070.mseed,1972-07-28T21:04:18.551094,75858.41509433962
xa.s12.00.mhz.1972-07-28HR00_evid00070.mseed,1972-07-28T21:43:19.834113,78199.69811320755
xa.s12.00.mhz.1972-07-28HR00_evid00070.mseed,1972-07-28T22:14:31.230340,80071.09433962264
xa.s12.00.mhz.1972-07-28HR00_evid00070.mseed,1972-07-28T22:40:39.230340,81639.09433962264
xa.s12.00.mhz.1972-07-28HR00_evid00070.mseed,1972-07-28T23:41:32.211472,85292.07547169812
xa.s12.00.mhz.1972-07-31HR00_evid00071.mseed,1972-07-31T11:17:18.508792,40637.88679245283
xa.s12.00.mhz.1972-07-31HR00_evid00071.mseed,1972-07-31T18:13:29.678604,65609.05660377358
xa.s12.00.mhz.1972-12-02HR00_evid00083.mseed,1972-12-02T00:10:00.288057,599.8490566037735
xa.s12.00.mhz.1972-12-02HR00_evid00083.mseed,1972-12-02T15:55:19.684283,57319.24528301887
xa.s12.00.mhz.1972-12-03HR00_evid00084.mseed,1972-12-03T11:37:17.231245,41836.67924528302
xa.s12.00.mhz.1973-01-18HR00_evid00088.mseed,1973-01-18T01:30:21.492189,5420.830188679245
xa.s12.00.mhz.1973-01-18HR00_evid00088.mseed,1973-01-18T02:17:39.680868,8259.018867924528
xa.s12.00.mhz.1973-01-18HR00_evid00088.mseed,1973-01-18T11:02:39.605396,39758.943396226416
xa.s12.00.mhz.1973-01-18HR00_evid00088.mseed,1973-01-18T11:14:00.963887,40440.301886792455
xa.s12.00.mhz.1973-01-18HR00_evid00088.mseed,1973-01-18T11:39:42.246906,41981.58490566038
xa.s12.00.mhz.1973-01-18HR00_evid00088.mseed,1973-01-18T13:31:35.605396,48694.943396226416
xa.s12.00.mhz.1973-01-18HR00_evid00088.mseed,1973-01-18T14:43:23.680868,53003.018867924526
xa.s12.00.mhz.1973-01-18HR00_evid00088.mseed,1973-01-18T15:22:33.416717,55352.75471698113
xa.s12.00.mhz.1973-01-18HR00_evid00088.mseed,1973-01-18T15:56:03.077094,57362.41509433962
xa.s12.00.mhz.1973-01-18HR00_evid00088.mseed,1973-01-18T16:15:48.737472,58548.07547169811
xa.s12.00.mhz.1973-01-18HR00_evid00088.mseed,1973-01-18T16:57:40.888415,61060.22641509434
xa.s12.00.mhz.1973-01-18HR00_evid00088.mseed,1973-01-18T19:55:06.020491,71705.35849056604
xa.s12.00.mhz.1973-01-31HR00_evid00091.mseed,1973-01-31T00:10:00.444057,599.8490566037735
xa.s12.00.mhz.1973-01-31HR00_evid00091.mseed,1973-01-31T03:27:12.293113,12431.698113207547
xa.s12.00.mhz.1973-01-31HR00_evid00091.mseed,1973-01-31T16:26:23.085566,59182.49056603773
xa.s12.00.mhz.1973-01-31HR00_evid00091.mseed,1973-01-31T17:26:52.217642,62811.622641509435
xa.s12.00.mhz.1973-01-31HR00_evid00091.mseed,1973-01-31T18:00:45.123302,64844.52830188679
xa.s12.00.mhz.1973-01-31HR00_evid00091.mseed,1973-01-31T18:38:05.878019,67085.28301886792
xa.s12.00.mhz.1973-01-31HR00_evid00091.mseed,1973-01-31T18:47:54.255377,67673.6603773585
xa.s12.00.mhz.1973-01-31HR00_evid00091.mseed,1973-01-31T19:12:32.896887,69152.30188679245
xa.s12.00.mhz.1973-01-31HR00_evid00091.mseed,1973-01-31T19:38:39.236509,70718.64150943396
xa.s12.00.mhz.1973-01-31HR00_evid00091.mseed,1973-01-31T21:28:04.519528,77283.92452830188
xa.s12.00.mhz.1973-03-01HR00_evid00093.mseed,1973-03-01T22:01:30.156321,79289.81132075471
xa.s12.00.mhz.1973-03-13HR00_evid00094.mseed,1973-03-13T08:02:09.226717,28928.754716981133
xa.s12.00.mhz.1973-03-13HR00_evid00094.mseed,1973-03-13T11:42:14.509736,42134.03773584906
xa.s12.00.mhz.1973-03-13HR00_evid00094.mseed,1973-03-13T12:56:45.453132,46604.981132075474
xa.s12.00.mhz.1973-03-24HR00_evid00097.mseed,1973-03-24T00:41:49.436189,2508.830188679245
xa.s12.00.mhz.1973-03-24HR00_evid00097.mseed,1973-03-24T16:35:21.360717,59720.75471698113
xa.s12.00.mhz.1973-05-14HR00_evid00104.mseed,1973-05-14T00:10:06.283792,605.8867924528302
xa.s12.00.mhz.1973-05-14HR00_evid00104.mseed,1973-05-14T00:45:14.812094,2714.4150943396226
xa.s12.00.mhz.1973-05-14HR00_evid00104.mseed,1973-05-14T01:29:09.981906,5349.584905660377
xa.s12.00.mhz.1973-05-14HR00_evid00104.mseed,1973-05-14T01:40:05.076245,6004.679245283019
xa.s12.00.mhz.1973-05-14HR00_evid00104.mseed,1973-05-14T01:51:26.434736,6686.037735849057
xa.s12.00.mhz.1973-05-14HR00_evid00104.mseed,1973-05-14T02:17:28.698887,8248.301886792453
xa.s12.00.mhz.1973-05-14HR00_evid00104.mseed,1973-05-14T07:46:04.623415,27964.22641509434
xa.s12.00.mhz.1973-05-14HR00_evid00104.mseed,1973-05-14T07:57:27.189453,28646.79245283019
xa.s12.00.mhz.1973-05-14HR00_evid00104.mseed,1973-05-14T17:16:07.642283,62167.24528301887
xa.s12.00.mhz.1973-05-14HR00_evid00104.mseed,1973-05-14T18:03:07.717755,64987.32075471698
xa.s12.00.mhz.1973-05-14HR00_evid00104.mseed,1973-05-14T18:30:29.076245,66628.67924528301
xa.s12.00.mhz.1973-05-14HR00_evid00104.mseed,1973-05-14T18:43:31.717755,67411.32075471699
xa.s12.00.mhz.1973-05-14HR00_evid00104.mseed,1973-05-14T19:08:00.397000,68880.0
xa.s12.00.mhz.1973-05-14HR00_evid00104.mseed,1973-05-14T19:25:40.019642,69939.62264150943
xa.s12.00.mhz.1973-05-14HR00_evid00104.mseed,1973-05-14T19:28:38.585679,70118.18867924529
xa.s12.00.mhz.1973-05-14HR00_evid00104.mseed,1973-05-14T19:34:29.076245,70468.67924528301
xa.s12.00.mhz.1973-05-14HR00_evid00104.mseed,1973-05-14T19:52:52.925302,71572.52830188679
xa.s12.00.mhz.1973-05-14HR00_evid00104.mseed,1973-05-14T20:28:22.132849,73701.7358490566
xa.s12.00.mhz.1973-05-14HR00_evid00104.mseed,1973-05-14T20:48:30.736623,74910.3396226415
xa.s12.00.mhz.1973-05-14HR00_evid00104.mseed,1973-05-14T21:12:22.887566,76342.49056603774
xa.s12.00.mhz.1973-06-05HR00_evid00107.mseed,1973-06-05T00:10:00.149057,599.8490566037735
xa.s12.00.mhz.1973-06-05HR00_evid00107.mseed,1973-06-05T00:18:38.790566,1118.4905660377358
xa.s12.00.mhz.1973-06-05HR00_evid00107.mseed,1973-06-05T00:34:53.130189,2092.830188679245
xa.s12.00.mhz.1973-06-05HR00_evid00107.mseed,1973-06-05T00:52:44.828302,3164.5283018867926
xa.s12.00.mhz.1973-06-05HR00_evid00107.mseed,1973-06-05T01:08:15.092453,4094.7924528301887
xa.s12.00.mhz.1973-06-05HR00_evid00107.mseed,1973-06-05T02:21:04.903774,8464.603773584906
xa.s12.00.mhz.1973-06-05HR00_evid00107.mseed,1973-06-05T02:41:38.564151,9698.264150943396
xa.s12.00.mhz.1973-06-05HR00_evid00107.mseed,1973-06-05T04:34:48.752830,16488.45283018868
xa.s12.00.mhz.1973-06-05HR00_evid00107.mseed,1973-06-05T05:23:04.601887,19384.30188679245
xa.s12.00.mhz.1973-06-05HR00_evid00107.mseed,1973-06-05T06:16:33.507547,22593.20754716981
xa.s12.00.mhz.1973-06-05HR00_evid00107.mseed,1973-06-05T07:10:55.847170,25855.54716981132
xa.s12.00.mhz.1973-06-05HR00_evid00107.mseed,1973-06-05T08:09:37.054717,29376.754716981133
xa.s12.00.mhz.1973-06-05HR00_evid00107.mseed,1973-06-05T08:27:51.092453,30470.79245283019
xa.s12.00.mhz.1973-06-05HR00_evid00107.mseed,1973-06-05T08:38:46.639623,31126.33962264151
xa.s12.00.mhz.1973-06-05HR00_evid00107.mseed,1973-06-05T09:21:15.016981,33674.71698113208
xa.s12.00.mhz.1973-06-05HR00_evid00107.mseed,1973-06-05T09:37:08.224528,34627.92452830189
xa.s12.00.mhz.1973-06-05HR00_evid00107.mseed,1973-06-05T10:00:18.262264,36017.96226415094
xa.s12.00.mhz.1973-06-05HR00_evid00107.mseed,1973-06-05T11:13:28.601887,40408.301886792455
xa.s12.00.mhz.1973-06-05HR00_evid00107.mseed,1973-06-05T13:14:19.620755,47659.32075471698
xa.s12.00.mhz.1973-06-05HR00_evid00107.mseed,1973-06-05T13:32:20.828302,48740.52830188679
xa.s12.00.mhz.1973-06-05HR00_evid00107.mseed,1973-06-05T13:40:54.337736,49254.03773584906
xa.s12.00.mhz.1973-06-05HR00_evid00107.mseed,1973-06-05T14:07:43.394340,50863.09433962264
xa.s12.00.mhz.1973-06-05HR00_evid00107.mseed,1973-06-05T14:17:11.696226,51431.3962264151
xa.s12.00.mhz.1973-06-05HR00_evid00107.mseed,1973-06-05T14:37:59.696226,52679.3962264151
xa.s12.00.mhz.1973-06-05HR00_evid00107.mseed,1973-06-05T15:03:28.149057,54207.84905660377
xa.s12.00.mhz.1973-06-05HR00_evid00107.mseed,1973-06-05T16:00:41.507547,57641.20754716981
xa.s12.00.mhz.1973-06-05HR00_evid00107.mseed,1973-06-05T17:10:20.375472,61820.07547169811
xa.s12.00.mhz.1973-06-05HR00_evid00107.mseed,1973-06-05T17:53:48.375472,64428.07547169811
xa.s12.00.mhz.1973-06-05HR00_evid00107.mseed,1973-06-05T18:13:06.413208,65586.11320754717
xa.s12.00.mhz.1973-06-05HR00_evid00107.mseed,1973-06-05T19:47:23.922642,71243.62264150943
xa.s12.00.mhz.1973-06-05HR00_evid00107.mseed,1973-06-05T20:35:08.224528,74107.92452830188
xa.s12.00.mhz.1973-06-05HR00_evid00107.mseed,1973-06-05T21:00:49.658491,75649.35849056604
xa.s12.00.mhz.1973-06-05HR00_evid00107.mseed,1973-06-05T21:19:47.016981,76786.71698113208
xa.s12.00.mhz.1973-06-05HR00_evid00107.mseed,1973-06-05T22:07:54.866038,79674.56603773584
xa.s12.00.mhz.1973-06-05HR00_evid00107.mseed,1973-06-05T22:35:52.601887,81352.30188679245
xa.s12.00.mhz.1973-06-05HR00_evid00108.mseed,1973-06-05T00:10:00.149057,599.8490566037735
xa.s12.00.mhz.1973-06-05HR00_evid00108.mseed,1973-06-05T00:18:38.790566,1118.4905660377358
xa.s12.00.mhz.1973-06-05HR00_evid00108.mseed,1973-06-05T00:34:53.130189,2092.830188679245
xa.s12.00.mhz.1973-06-05HR00_evid00108.mseed,1973-06-05T00:52:44.828302,3164.5283018867926
xa.s12.00.mhz.1973-06-05HR00_evid00108.mseed,1973-06-05T01:08:15.092453,4094.7924528301887
xa.s12.00.mhz.1973-06-05HR00_evid00108.mseed,1973-06-05T02:21:04.903774,8464.603773584906
xa.s12.00.mhz.1973-06-05HR00_evid00108.mseed,1973-06-05T02:41:38.564151,9698.264150943396
xa.s12.00.mhz.1973-06-05HR00_evid00108.mseed,1973-06-05T04:34:48.752830,16488.45283018868
xa.s12.00.mhz.1973-06-05HR00_evid00108.mseed,1973-06-05T05:23:04.601887,19384.30188679245
xa.s12.00.mhz.1973-06-05HR00_evid00108.mseed,1973-06-05T06:16:33.507547,22593.20754716981
xa.s12.00.mhz.1973-06-05HR00_evid00108.mseed,1973-06-05T07:10:55.847170,25855.54716981132
xa.s12.00.mhz.1973-06-05HR00_evid00108.mseed,1973-06-05T08:09:37.054717,29376.754716981133
xa.s12.00.mhz.1973-06-05HR00_evid00108.mseed,1973-06-05T08:27:51.092453,30470.79245283019
xa.s12.00.mhz.1973-06-05HR00_evid00108.mseed,1973-06-05T08:38:46.639623,31126.33962264151
xa.s12.00.mhz.1973-06-05HR00_evid00108.mseed,1973-06-05T09:21:15.016981,33674.71698113208
xa.s12.00.mhz.1973-06-05HR00_evid00108.mseed,1973-06-05T09:37:08.224528,34627.92452830189
xa.s12.00.mhz.1973-06-05HR00_evid00108.mseed,1973-06-05T10:00:18.262264,36017.96226415094
xa.s12.00.mhz.1973-06-05HR00_evid00108.mseed,1973-06-05T11:13:28.601887,40408.301886792455
xa.s12.00.mhz.1973-06-05HR00_evid00108.mseed,1973-06-05T13:14:19.620755,47659.32075471698
xa.s12.00.mhz.1973-06-05HR00_evid00108.mseed,1973-06-05T13:32:20.828302,48740.52830188679
xa.s12.00.mhz.1973-06-05HR00_evid00108.mseed,1973-06-05T13:40:54.337736,49254.03773584906
xa.s12.00.mhz.1973-06-05HR00_evid00108.mseed,1973-06-05T14:07:43.394340,50863.09433962264
xa.s12.00.mhz.1973-06-05HR00_evid00108.mseed,1973-06-05T14:17:11.696226,51431.3962264151
xa.s12.00.mhz.1973-06-05HR00_evid00108.mseed,1973-06-05T14:37:59.696226,52679.3962264151
xa.s12.00.mhz.1973-06-05HR00_evid00108.mseed,1973-06-05T15:03:28.149057,54207.84905660377
xa.s12.00.mhz.1973-06-05HR00_evid00108.mseed,1973-06-05T16:00:41.507547,57641.20754716981
xa.s12.00.mhz.1973-06-05HR00_evid00108.mseed,1973-06-05T17:10:20.375472,61820.07547169811
xa.s12.00.mhz.1973-06-05HR00_evid00108.mseed,1973-06-05T17:53:48.375472,64428.07547169811
xa.s12.00.mhz.1973-06-05HR00_evid00108.mseed,1973-06-05T18:13:06.413208,65586.11320754717
xa.s12.00.mhz.1973-06-05HR00_evid00108.mseed,1973-06-05T19:47:23.922642,71243.62264150943
xa.s12.00.mhz.1973-06-05HR00_evid00108.mseed,1973-06-05T20:35:08.224528,74107.92452830188
xa.s12.00.mhz.1973-06-05HR00_evid00108.mseed,1973-06-05T21:00:49.658491,75649.35849056604
xa.s12.00.mhz.1973-06-05HR00_evid00108.mseed,1973-06-05T21:19:47.016981,76786.71698113208
xa.s12.00.mhz.1973-06-05HR00_evid00108.mseed,1973-06-05T22:07:54.866038,79674.56603773584
xa.s12.00.mhz.1973-06-05HR00_evid00108.mseed,1973-06-05T22:35:52.601887,81352.30188679245
xa.s12.00.mhz.1973-06-18HR00_evid00109.mseed,1973-06-18T01:48:18.396151,6498.264150943396
xa.s12.00.mhz.1973-06-18HR00_evid00109.mseed,1973-06-18T04:58:32.735774,17912.603773584906
xa.s12.00.mhz.1973-06-18HR00_evid00109.mseed,1973-06-18T05:50:18.245208,21018.11320754717
xa.s12.00.mhz.1973-06-18HR00_evid00109.mseed,1973-06-18T06:47:43.679170,24463.54716981132
xa.s12.00.mhz.1973-06-18HR00_evid00109.mseed,1973-06-18T07:34:34.547094,27274.415094339623
xa.s12.00.mhz.1973-06-18HR00_evid00109.mseed,1973-06-18T14:52:55.679170,53575.54716981132
xa.s12.00.mhz.1973-06-18HR00_evid00109.mseed,1973-06-18T16:04:02.245208,57842.11320754717
xa.s12.00.mhz.1973-06-18HR00_evid00109.mseed,1973-06-18T16:13:17.113132,58396.981132075474
xa.s12.00.mhz.1973-06-18HR00_evid00109.mseed,1973-06-18T17:30:55.528226,63055.3962264151
xa.s12.00.mhz.1973-06-18HR00_evid00109.mseed,1973-06-18T18:06:23.377283,65183.24528301887
xa.s12.00.mhz.1973-06-18HR00_evid00109.mseed,1973-06-18T19:01:01.113132,68460.98113207547
xa.s12.00.mhz.1973-06-18HR00_evid00109.mseed,1973-06-18T19:43:15.754642,70995.62264150943
xa.s12.00.mhz.1973-06-18HR00_evid00109.mseed,1973-06-18T20:19:36.132000,73176.0
xa.s12.00.mhz.1973-06-18HR00_evid00109.mseed,1973-06-18T21:00:45.113132,75644.98113207547
xa.s12.00.mhz.1973-06-18HR00_evid00109.mseed,1973-06-18T21:22:55.830113,76975.69811320755
xa.s12.00.mhz.1973-06-18HR00_evid00109.mseed,1973-06-18T21:40:47.226340,78047.09433962264
xa.s12.00.mhz.1973-06-18HR00_evid00109.mseed,1973-06-18T22:08:33.641434,79713.50943396226
xa.s12.00.mhz.1973-06-18HR00_evid00109.mseed,1973-06-18T22:21:46.999925,80506.8679245283
xa.s12.00.mhz.1973-06-18HR00_evid00109.mseed,1973-06-18T23:18:03.301811,83883.16981132075
xa.s12.00.mhz.1973-06-18HR00_evid00109.mseed,1973-06-18T23:39:40.660302,85180.52830188679
xa.s12.00.mhz.1973-06-27HR00_evid00112.mseed,1973-06-27T10:14:33.588491,36873.35849056604
xa.s12.00.mhz.1973-06-27HR00_evid00112.mseed,1973-06-27T16:18:37.362075,58717.1320754717
xa.s12.00.mhz.1973-07-03HR00_evid00113.mseed,1973-07-03T00:10:00.381057,599.8490566037735
xa.s12.00.mhz.1973-07-03HR00_evid00113.mseed,1973-07-03T00:45:40.154642,2739.622641509434
xa.s12.00.mhz.1973-07-03HR00_evid00113.mseed,1973-07-03T07:58:05.965962,28685.43396226415
xa.s12.00.mhz.1973-07-03HR00_evid00113.mseed,1973-07-03T10:30:56.532000,37856.0
xa.s12.00.mhz.1973-07-03HR00_evid00113.mseed,1973-07-03T10:39:26.116906,38365.58490566038
xa.s12.00.mhz.1973-07-03HR00_evid00113.mseed,1973-07-03T11:05:07.399925,39906.8679245283
xa.s12.00.mhz.1973-07-03HR00_evid00113.mseed,1973-07-03T11:35:45.437660,41744.90566037736
xa.s12.00.mhz.1973-07-03HR00_evid00113.mseed,1973-07-03T12:04:01.437660,43440.90566037736
xa.s12.00.mhz.1973-07-03HR00_evid00113.mseed,1973-07-03T12:31:49.664075,45109.1320754717
xa.s12.00.mhz.1973-07-03HR00_evid00113.mseed,1973-07-03T14:21:08.305585,51667.77358490566
xa.s12.00.mhz.1973-07-03HR00_evid00113.mseed,1973-07-03T14:27:37.588604,52057.056603773584
xa.s12.00.mhz.1973-07-03HR00_evid00113.mseed,1973-07-03T16:14:56.381057,58495.84905660377
xa.s12.00.mhz.1973-07-03HR00_evid00113.mseed,1973-07-03T18:17:03.324453,65822.7924528302
xa.s12.00.mhz.1973-07-03HR00_evid00113.mseed,1973-07-03T20:55:35.777283,75335.24528301887
xa.s12.00.mhz.1973-07-03HR00_evid00113.mseed,1973-07-03T21:05:46.796151,75946.2641509434
xa.s12.00.mhz.1973-07-03HR00_evid00113.mseed,1973-07-03T21:34:08.833887,77648.30188679245
xa.s12.00.mhz.1973-07-03HR00_evid00113.mseed,1973-07-03T21:53:26.569736,78806.03773584905
xa.s12.00.mhz.1973-07-03HR00_evid00113.mseed,1973-07-03T22:20:49.890491,80449.35849056604
xa.s12.00.mhz.1973-07-03HR00_evid00113.mseed,1973-07-03T22:59:19.928226,82759.39622641509
xa.s12.00.mhz.1973-07-04HR00_evid00114.mseed,1973-07-04T00:12:53.676075,773.1320754716982
xa.s12.00.mhz.1973-07-04HR00_evid00114.mseed,1973-07-04T01:51:17.374189,6676.830188679245
xa.s12.00.mhz.1973-07-04HR00_evid00114.mseed,1973-07-04T02:38:19.411925,9498.867924528302
xa.s12.00.mhz.1973-07-04HR00_evid00114.mseed,1973-07-04T02:48:40.845887,10120.301886792453
xa.s12.00.mhz.1973-07-04HR00_evid00114.mseed,1973-07-04T05:18:08.393057,19087.849056603773
xa.s12.00.mhz.1973-07-04HR00_evid00114.mseed,1973-07-04T06:24:13.676075,23053.132075471698
xa.s12.00.mhz.1973-07-04HR00_evid00114.mseed,1973-07-04T07:01:21.449660,25280.905660377357
xa.s12.00.mhz.1973-07-04HR00_evid00114.mseed,1973-07-04T07:12:08.544000,25928.0
xa.s12.00.mhz.1973-07-04HR00_evid00114.mseed,1973-07-04T07:48:51.411925,28130.867924528302
xa.s12.00.mhz.1973-07-04HR00_evid00114.mseed,1973-07-04T08:07:51.336453,29270.79245283019
xa.s12.00.mhz.1973-07-04HR00_evid00114.mseed,1973-07-04T08:55:36.091170,32135.54716981132
xa.s12.00.mhz.1973-07-04HR00_evid00114.mseed,1973-07-04T10:19:39.110038,37178.56603773585
xa.s12.00.mhz.1973-07-04HR00_evid00114.mseed,1973-07-04T10:29:26.883623,37766.339622641506
xa.s12.00.mhz.1973-07-04HR00_evid00114.mseed,1973-07-04T10:57:11.487396,39430.943396226416
xa.s12.00.mhz.1973-07-04HR00_evid00114.mseed,1973-07-04T12:02:32.845887,43352.301886792455
xa.s12.00.mhz.1973-07-04HR00_evid00114.mseed,1973-07-04T12:21:19.034566,44478.49056603773
xa.s12.00.mhz.1973-07-04HR00_evid00114.mseed,1973-07-04T12:31:15.562868,45075.018867924526
xa.s12.00.mhz.1973-07-04HR00_evid00114.mseed,1973-07-04T12:40:59.864755,45659.32075471698
xa.s12.00.mhz.1973-07-04HR00_evid00114.mseed,1973-07-04T12:59:45.600604,46785.056603773584
xa.s12.00.mhz.1973-07-04HR00_evid00114.mseed,1973-07-04T13:19:08.166642,47947.622641509435
xa.s12.00.mhz.1973-07-04HR00_evid00114.mseed,1973-07-04T13:26:37.676075,48397.1320754717
xa.s12.00.mhz.1973-07-04HR00_evid00114.mseed,1973-07-04T13:46:25.902491,49585.35849056604
xa.s12.00.mhz.1973-07-04HR00_evid00114.mseed,1973-07-04T14:43:43.034566,53022.49056603773
xa.s12.00.mhz.1973-07-04HR00_evid00114.mseed,1973-07-04T14:52:59.864755,53579.32075471698
xa.s12.00.mhz.1973-07-04HR00_evid00114.mseed,1973-07-04T15:43:26.430792,56605.88679245283
xa.s12.00.mhz.1973-07-04HR00_evid00114.mseed,1973-07-04T16:12:43.260981,58362.71698113208
xa.s12.00.mhz.1973-07-04HR00_evid00114.mseed,1973-07-04T16:25:54.959094,59154.41509433962
xa.s12.00.mhz.1973-07-04HR00_evid00114.mseed,1973-07-04T17:41:27.789283,63687.24528301887
xa.s12.00.mhz.1973-07-04HR00_evid00114.mseed,1973-07-04T18:36:46.581736,67006.03773584905
xa.s12.00.mhz.1973-07-04HR00_evid00114.mseed,1973-07-04T18:56:17.600604,68177.05660377358
xa.s12.00.mhz.1973-07-04HR00_evid00114.mseed,1973-07-04T19:34:50.808151,70490.2641509434
xa.s12.00.mhz.1973-07-04HR00_evid00114.mseed,1973-07-04T20:02:42.959094,72162.41509433962
xa.s12.00.mhz.1973-07-04HR00_evid00114.mseed,1973-07-04T20:31:03.638340,73863.09433962264
xa.s12.00.mhz.1973-07-04HR00_evid00114.mseed,1973-07-04T20:39:28.091170,74367.54716981133
xa.s12.00.mhz.1973-07-04HR00_evid00114.mseed,1973-07-04T20:59:33.827019,75573.28301886792
xa.s12.00.mhz.1973-07-04HR00_evid00114.mseed,1973-07-04T21:09:04.393057,76143.84905660378
xa.s12.00.mhz.1973-07-04HR00_evid00114.mseed,1973-07-04T21:37:03.336453,77822.7924528302
xa.s12.00.mhz.1973-07-04HR00_evid00114.mseed,1973-07-04T21:47:16.468528,78435.92452830188
xa.s12.00.mhz.1973-07-04HR00_evid00114.mseed,1973-07-04T22:05:32.619472,79532.07547169812
xa.s12.00.mhz.1973-07-04HR00_evid00114.mseed,1973-07-04T22:52:05.827019,82325.28301886792
xa.s12.00.mhz.1973-07-04HR00_evid00114.mseed,1973-07-04T23:39:48.468528,85187.92452830188
xa.s12.00.mhz.1973-07-20HR00_evid00117.mseed,1973-07-20T02:16:39.704226,8199.396226415094
xa.s12.00.mhz.1973-07-20HR00_evid00117.mseed,1973-07-20T03:15:25.591019,11725.283018867925
xa.s12.00.mhz.1973-07-20HR00_evid00117.mseed,1973-07-20T03:36:57.817434,13017.509433962265
xa.s12.00.mhz.1973-07-20HR00_evid00117.mseed,1973-07-20T03:55:09.892906,14109.584905660377
xa.s12.00.mhz.1973-07-20HR00_evid00117.mseed,1973-07-20T04:11:59.251396,15118.943396226416
xa.s12.00.mhz.1973-07-20HR00_evid00117.mseed,1973-07-20T04:29:34.043849,16173.735849056604
xa.s12.00.mhz.1973-07-20HR00_evid00117.mseed,1973-07-20T04:44:49.213660,17088.905660377357
xa.s12.00.mhz.1973-07-20HR00_evid00117.mseed,1973-07-20T05:14:28.534415,18868.22641509434
xa.s12.00.mhz.1973-07-20HR00_evid00117.mseed,1973-07-20T12:46:48.308000,46008.0
xa.s12.00.mhz.1973-07-20HR00_evid00117.mseed,1973-07-20T14:13:30.572151,51210.264150943396
xa.s12.00.mhz.1973-07-28HR00_evid00120.mseed,1973-07-28T00:13:22.388208,802.1132075471698
xa.s12.00.mhz.1973-07-28HR00_evid00120.mseed,1973-07-28T00:23:35.520283,1415.245283018868
xa.s12.00.mhz.1973-07-28HR00_evid00120.mseed,1973-07-28T00:43:09.256132,2588.9811320754716
xa.s12.00.mhz.1973-07-28HR00_evid00120.mseed,1973-07-28T00:51:08.350472,3068.0754716981132
xa.s12.00.mhz.1973-07-28HR00_evid00120.mseed,1973-07-28T02:34:59.293868,9299.018867924528
xa.s12.00.mhz.1973-07-28HR00_evid00120.mseed,1973-07-28T03:08:37.708962,11317.433962264151
xa.s12.00.mhz.1973-07-28HR00_evid00120.mseed,1973-07-28T03:30:33.633491,12633.358490566037
xa.s12.00.mhz.1973-07-28HR00_evid00120.mseed,1973-07-28T03:46:57.331604,13617.056603773584
xa.s12.00.mhz.1973-07-28HR00_evid00120.mseed,1973-07-28T04:43:21.482547,17001.20754716981
xa.s12.00.mhz.1973-07-28HR00_evid00120.mseed,1973-07-28T05:03:03.067453,18182.79245283019
xa.s12.00.mhz.1973-07-28HR00_evid00120.mseed,1973-07-28T05:11:41.407075,18701.132075471698
xa.s12.00.mhz.1973-07-28HR00_evid00120.mseed,1973-07-28T05:49:55.444811,20995.169811320753
xa.s12.00.mhz.1973-07-28HR00_evid00120.mseed,1973-07-28T06:30:13.256132,23412.98113207547
xa.s12.00.mhz.1973-07-28HR00_evid00120.mseed,1973-07-28T06:45:38.539151,24338.264150943396
xa.s12.00.mhz.1973-07-28HR00_evid00120.mseed,1973-07-28T06:55:06.086321,24905.811320754718
xa.s12.00.mhz.1973-07-28HR00_evid00120.mseed,1973-07-28T07:40:55.973113,27655.69811320755
xa.s12.00.mhz.1973-07-28HR00_evid00120.mseed,1973-07-28T07:59:51.671226,28791.396226415094
xa.s12.00.mhz.1973-07-28HR00_evid00120.mseed,1973-07-28T08:44:51.746698,31491.471698113208
xa.s12.00.mhz.1973-07-28HR00_evid00120.mseed,1973-07-28T08:56:03.897642,32163.622641509435
xa.s12.00.mhz.1973-07-28HR00_evid00120.mseed,1973-07-28T09:08:04.954245,32884.67924528302
xa.s12.00.mhz.1973-07-28HR00_evid00120.mseed,1973-07-28T09:23:30.388208,33810.11320754717
xa.s12.00.mhz.1973-07-28HR00_evid00120.mseed,1973-07-28T09:26:41.180660,34000.90566037736
xa.s12.00.mhz.1973-07-28HR00_evid00120.mseed,1973-07-28T09:42:55.671226,34975.3962264151
xa.s12.00.mhz.1973-07-28HR00_evid00120.mseed,1973-07-28T10:10:32.124057,36631.84905660377
xa.s12.00.mhz.1973-07-28HR00_evid00120.mseed,1973-07-28T10:18:58.539151,37138.264150943396
xa.s12.00.mhz.1973-07-28HR00_evid00120.mseed,1973-07-28T10:29:23.142925,37762.8679245283
xa.s12.00.mhz.1973-07-28HR00_evid00120.mseed,1973-07-28T10:38:20.501415,38300.22641509434
xa.s12.00.mhz.1973-07-28HR00_evid00120.mseed,1973-07-28T10:56:36.803302,39396.52830188679
xa.s12.00.mhz.1973-07-28HR00_evid00120.mseed,1973-07-28T11:06:10.237264,39969.96226415094
xa.s12.00.mhz.1973-07-28HR00_evid00120.mseed,1973-07-28T11:15:32.954245,40532.67924528302
xa.s12.00.mhz.1973-07-28HR00_evid00120.mseed,1973-07-28T11:52:57.180660,42776.90566037736
xa.s12.00.mhz.1973-07-28HR00_evid00120.mseed,1973-07-28T12:11:01.859906,43861.58490566038
xa.s12.00.mhz.1973-07-28HR00_evid00120.mseed,1973-07-28T12:37:57.558019,45477.28301886792
xa.s12.00.mhz.1973-07-28HR00_evid00120.mseed,1973-07-28T12:58:07.369340,46687.09433962264
xa.s12.00.mhz.1973-07-28HR00_evid00120.mseed,1973-07-28T13:07:31.746698,47251.47169811321
xa.s12.00.mhz.1973-07-28HR00_evid00120.mseed,1973-07-28T13:42:42.539151,49362.264150943396
xa.s12.00.mhz.1973-07-28HR00_evid00120.mseed,1973-07-28T13:53:42.916509,50022.64150943396
xa.s12.00.mhz.1973-07-28HR00_evid00120.mseed,1973-07-28T14:00:20.199528,50419.92452830189
xa.s12.00.mhz.1973-07-28HR00_evid00120.mseed,1973-07-28T14:12:07.218396,51126.943396226416
xa.s12.00.mhz.1973-07-28HR00_evid00120.mseed,1973-07-28T14:21:26.765566,51686.49056603773
xa.s12.00.mhz.1973-07-28HR00_evid00120.mseed,1973-07-28T14:59:03.067453,53942.79245283019
xa.s12.00.mhz.1973-07-28HR00_evid00120.mseed,1973-07-28T18:39:05.633491,67145.35849056604
xa.s12.00.mhz.1973-07-28HR00_evid00120.mseed,1973-07-28T19:29:06.991981,70146.71698113208
xa.s12.00.mhz.1973-07-28HR00_evid00120.mseed,1973-07-28T20:15:58.765566,72958.49056603774
xa.s12.00.mhz.1973-07-28HR00_evid00120.mseed,1973-07-28T20:25:34.312736,73534.03773584905
xa.s12.00.mhz.1973-07-28HR00_evid00120.mseed,1973-07-28T21:21:48.199528,76907.92452830188
xa.s12.00.mhz.1973-07-28HR00_evid00120.mseed,1973-07-28T22:07:35.822170,79655.54716981133
xa.s12.00.mhz.1973-07-28HR00_evid00120.mseed,1973-07-28T22:26:30.463679,80790.18867924529
xa.s12.00.mhz.1973-07-28HR00_evid00120.mseed,1973-07-28T23:03:36.576887,83016.30188679245
xa.s12.00.mhz.1973-07-29HR00_evid00121.mseed,1973-07-29T00:16:45.997849,1005.7358490566038
xa.s12.00.mhz.1973-07-29HR00_evid00121.mseed,1973-07-29T00:27:17.545019,1637.2830188679245
xa.s12.00.mhz.1973-07-29HR00_evid00121.mseed,1973-07-29T02:28:53.092189,8932.830188679245
xa.s12.00.mhz.1973-07-29HR00_evid00121.mseed,1973-07-29T02:47:44.412943,10064.150943396226
xa.s12.00.mhz.1973-07-29HR00_evid00121.mseed,1973-07-29T03:14:08.111057,11647.849056603774
xa.s12.00.mhz.1973-07-29HR00_evid00121.mseed,1973-07-29T03:34:04.186528,12843.924528301886
xa.s12.00.mhz.1973-07-29HR00_evid00121.mseed,1973-07-29T04:11:12.563887,15072.301886792453
xa.s12.00.mhz.1973-07-29HR00_evid00121.mseed,1973-07-29T04:20:28.639358,15628.377358490567
xa.s12.00.mhz.1973-07-29HR00_evid00121.mseed,1973-07-29T05:06:53.846906,18413.584905660377
xa.s12.00.mhz.1973-07-29HR00_evid00121.mseed,1973-07-29T05:16:57.771434,19017.509433962263
xa.s12.00.mhz.1973-07-29HR00_evid00121.mseed,1973-07-29T06:41:01.092189,24060.830188679247
xa.s12.00.mhz.1973-07-29HR00_evid00121.mseed,1973-07-29T06:49:56.186528,24595.924528301886
xa.s12.00.mhz.1973-07-29HR00_evid00121.mseed,1973-07-29T07:36:58.526151,27418.264150943396
xa.s12.00.mhz.1973-07-29HR00_evid00121.mseed,1973-07-29T07:52:30.601623,28350.33962264151
xa.s12.00.mhz.1973-07-29HR00_evid00121.mseed,1973-07-29T08:22:57.620491,30177.35849056604
xa.s12.00.mhz.1973-07-29HR00_evid00121.mseed,1973-07-29T08:42:18.677094,31338.415094339623
xa.s12.00.mhz.1973-07-29HR00_evid00121.mseed,1973-07-29T08:59:45.318604,32385.056603773584
xa.s12.00.mhz.1973-07-29HR00_evid00121.mseed,1973-07-29T09:18:39.054453,33518.79245283019
xa.s12.00.mhz.1973-07-29HR00_evid00121.mseed,1973-07-29T09:31:39.129925,34298.8679245283
xa.s12.00.mhz.1973-07-29HR00_evid00121.mseed,1973-07-29T09:47:12.563887,35232.301886792455
xa.s12.00.mhz.1973-07-29HR00_evid00121.mseed,1973-07-29T10:06:09.922377,36369.660377358494
xa.s12.00.mhz.1973-07-29HR00_evid00121.mseed,1973-07-29T10:15:48.337472,36948.07547169811
xa.s12.00.mhz.1973-07-29HR00_evid00121.mseed,1973-07-29T10:53:01.243132,39180.981132075474
xa.s12.00.mhz.1973-07-29HR00_evid00121.mseed,1973-07-29T11:42:19.884642,42139.622641509435
xa.s12.00.mhz.1973-07-29HR00_evid00121.mseed,1973-07-29T11:58:13.394075,43093.1320754717
xa.s12.00.mhz.1973-07-29HR00_evid00121.mseed,1973-07-29T12:35:01.243132,45300.981132075474
xa.s12.00.mhz.1973-07-29HR00_evid00121.mseed,1973-07-29T12:50:59.582755,46259.32075471698
xa.s12.00.mhz.1973-07-29HR00_evid00121.mseed,1973-07-29T13:01:34.148792,46893.88679245283
xa.s12.00.mhz.1973-07-29HR00_evid00121.mseed,1973-07-29T13:31:30.526151,48690.264150943396
xa.s12.00.mhz.1973-07-29HR00_evid00121.mseed,1973-07-29T13:40:29.695962,49229.43396226415
xa.s12.00.mhz.1973-07-29HR00_evid00121.mseed,1973-07-29T13:58:30.601623,50310.339622641506
xa.s12.00.mhz.1973-07-29HR00_evid00121.mseed,1973-07-29T14:18:28.035585,51507.77358490566
xa.s12.00.mhz.1973-07-29HR00_evid00121.mseed,1973-07-29T14:32:36.941245,52356.67924528302
xa.s12.00.mhz.1973-07-29HR00_evid00121.mseed,1973-07-29T16:19:59.960113,58799.698113207545
xa.s12.00.mhz.1973-07-29HR00_evid00121.mseed,1973-07-29T16:59:34.903509,61174.64150943396
xa.s12.00.mhz.1973-07-29HR00_evid00121.mseed,1973-07-29T18:30:23.809170,66623.54716981133
xa.s12.00.mhz.1973-07-29HR00_evid00121.mseed,1973-07-29T19:44:23.054453,71062.7924528302
xa.s12.00.mhz.1973-07-29HR00_evid00121.mseed,1973-07-29T20:13:48.488415,72828.22641509434
xa.s12.00.mhz.1973-07-29HR00_evid00121.mseed,1973-07-29T21:08:45.695962,76125.43396226416
xa.s12.00.mhz.1973-07-29HR00_evid00121.mseed,1973-07-29T21:19:01.092189,76740.83018867925
xa.s12.00.mhz.1973-07-29HR00_evid00121.mseed,1973-07-29T23:33:36.714830,84816.45283018867
xa.s12.00.mhz.1973-08-21HR00_evid00127.mseed,1973-08-21T01:03:36.802943,3816.1509433962265
xa.s12.00.mhz.1973-08-21HR00_evid00127.mseed,1973-08-21T01:45:22.312377,6321.66037735849
xa.s12.00.mhz.1973-08-21HR00_evid00127.mseed,1973-08-21T01:50:19.821811,6619.169811320755
xa.s12.00.mhz.1973-08-21HR00_evid00127.mseed,1973-08-21T02:11:14.463321,7873.811320754717
xa.s12.00.mhz.1973-08-21HR00_evid00127.mseed,1973-08-21T02:31:44.048226,9103.396226415094
xa.s12.00.mhz.1973-08-21HR00_evid00127.mseed,1973-08-21T02:43:32.727472,9812.075471698114
xa.s12.00.mhz.1973-08-21HR00_evid00127.mseed,1973-08-21T03:12:46.689736,11566.037735849057
xa.s12.00.mhz.1973-08-21HR00_evid00127.mseed,1973-08-21T03:22:07.746340,12127.094339622641
xa.s12.00.mhz.1973-08-21HR00_evid00127.mseed,1973-08-21T03:41:03.293509,13262.641509433963
xa.s12.00.mhz.1973-08-21HR00_evid00127.mseed,1973-08-21T03:52:39.293509,13958.641509433963
xa.s12.00.mhz.1973-08-21HR00_evid00127.mseed,1973-08-21T04:09:05.104830,14944.452830188678
xa.s12.00.mhz.1974-01-10HR00_evid00136.mseed,1974-01-10T13:53:00.153528,49979.92452830189
xa.s12.00.mhz.1974-02-07HR00_evid00137.mseed,1974-02-07T00:10:00.203057,599.8490566037735
xa.s12.00.mhz.1974-02-07HR00_evid00137.mseed,1974-02-07T09:48:26.014377,35305.660377358494
xa.s12.00.mhz.1974-02-07HR00_evid00137.mseed,1974-02-07T12:29:09.033245,44948.67924528302
xa.s12.00.mhz.1974-02-07HR00_evid00137.mseed,1974-02-07T14:16:03.674755,51363.32075471698
xa.s12.00.mhz.1974-02-12HR00_evid00138.mseed,1974-02-12T00:17:51.796226,1071.3962264150944
xa.s12.00.mhz.1974-02-12HR00_evid00138.mseed,1974-02-12T02:05:28.400000,7528.0
xa.s12.00.mhz.1974-02-12HR00_evid00138.mseed,1974-02-12T08:52:52.777358,31972.377358490565
xa.s12.00.mhz.1974-02-12HR00_evid00138.mseed,1974-02-12T22:31:57.532075,81117.1320754717
xa.s12.00.mhz.1974-03-25HR00_evid00140.mseed,1974-03-25T00:27:42.635736,1662.0377358490566
xa.s12.00.mhz.1974-03-25HR00_evid00140.mseed,1974-03-25T00:45:45.654604,2745.056603773585
xa.s12.00.mhz.1974-03-25HR00_evid00140.mseed,1974-03-25T01:15:20.748943,4520.1509433962265
xa.s12.00.mhz.1974-03-25HR00_evid00140.mseed,1974-03-25T01:25:02.182906,5101.584905660377
xa.s12.00.mhz.1974-03-25HR00_evid00140.mseed,1974-03-25T03:16:57.805547,11817.207547169812
xa.s12.00.mhz.1974-03-25HR00_evid00140.mseed,1974-03-25T05:46:09.050830,20768.45283018868
xa.s12.00.mhz.1974-03-25HR00_evid00140.mseed,1974-03-25T06:05:25.881019,21925.283018867925
xa.s12.00.mhz.1974-03-25HR00_evid00140.mseed,1974-03-25T06:20:45.277245,22844.67924528302
xa.s12.00.mhz.1974-03-25HR00_evid00140.mseed,1974-03-25T06:42:29.730075,24149.132075471698
xa.s12.00.mhz.1974-03-25HR00_evid00140.mseed,1974-03-25T06:50:06.937623,24606.33962264151
xa.s12.00.mhz.1974-03-25HR00_evid00140.mseed,1974-03-25T07:38:15.994226,27495.396226415094
xa.s12.00.mhz.1974-03-25HR00_evid00140.mseed,1974-03-25T08:52:08.598000,31928.0
xa.s12.00.mhz.1974-03-25HR00_evid00140.mseed,1974-03-25T10:02:59.616868,36179.018867924526
xa.s12.00.mhz.1974-03-25HR00_evid00140.mseed,1974-03-25T11:43:45.201774,42224.6037735849
xa.s12.00.mhz.1974-03-25HR00_evid00140.mseed,1974-03-25T12:00:53.730075,43253.1320754717
xa.s12.00.mhz.1974-03-25HR00_evid00140.mseed,1974-03-25T13:53:13.654604,49993.056603773584
xa.s12.00.mhz.1974-03-25HR00_evid00140.mseed,1974-03-25T14:19:16.220642,51555.622641509435
xa.s12.00.mhz.1974-03-25HR00_evid00140.mseed,1974-03-25T16:26:02.258377,59161.660377358494
xa.s12.00.mhz.1974-04-19HR00_evid00142.mseed,1974-04-19T00:10:23.511396,622.9433962264151
xa.s12.00.mhz.1974-04-19HR00_evid00142.mseed,1974-04-19T06:17:43.964226,22663.396226415094
xa.s12.00.mhz.1974-04-19HR00_evid00142.mseed,1974-04-19T06:32:21.851019,23541.283018867925
xa.s12.00.mhz.1974-04-19HR00_evid00142.mseed,1974-04-19T09:00:01.322717,32400.754716981133
xa.s12.00.mhz.1974-04-19HR00_evid00142.mseed,1974-04-19T09:38:06.001962,34685.43396226415
xa.s12.00.mhz.1974-04-19HR00_evid00142.mseed,1974-04-19T09:54:18.077434,35657.50943396227
xa.s12.00.mhz.1974-04-19HR00_evid00142.mseed,1974-04-19T10:22:50.983094,37370.41509433962
xa.s12.00.mhz.1974-04-19HR00_evid00142.mseed,1974-04-19T11:01:44.718943,39704.15094339623
xa.s12.00.mhz.1974-04-19HR00_evid00142.mseed,1974-04-19T12:24:31.813283,44671.24528301887
xa.s12.00.mhz.1974-04-19HR00_evid00142.mseed,1974-04-19T13:45:48.794415,49548.22641509434
xa.s12.00.mhz.1974-04-19HR00_evid00142.mseed,1974-04-19T13:50:04.643472,49804.07547169811
xa.s12.00.mhz.1974-04-19HR00_evid00142.mseed,1974-04-19T15:39:12.568000,56352.0
xa.s12.00.mhz.1974-04-19HR00_evid00142.mseed,1974-04-19T17:37:00.039698,63419.47169811321
xa.s12.00.mhz.1974-04-19HR00_evid00142.mseed,1974-04-19T18:31:47.284981,66706.71698113208
xa.s12.00.mhz.1974-04-19HR00_evid00142.mseed,1974-04-19T22:24:29.096302,80668.52830188679
xa.s12.00.mhz.1974-04-19HR00_evid00142.mseed,1974-04-19T22:43:50.303849,81829.7358490566
xa.s12.00.mhz.1974-04-19HR00_evid00142.mseed,1974-04-19T23:28:26.983094,84506.41509433962
xa.s12.00.mhz.1974-04-26HR00_evid00144.mseed,1974-04-26T00:10:00.198057,599.8490566037735
xa.s12.00.mhz.1974-04-26HR00_evid00144.mseed,1974-04-26T08:04:44.273528,29083.924528301886
xa.s12.00.mhz.1974-04-26HR00_evid00144.mseed,1974-04-26T09:22:00.801830,33720.45283018868
xa.s12.00.mhz.1974-06-25HR00_evid00149.mseed,1974-06-25T00:11:00.901358,660.377358490566
xa.s12.00.mhz.1974-06-25HR00_evid00149.mseed,1974-06-25T21:54:52.448528,78891.92452830188
xa.s12.00.mhz.1974-07-06HR00_evid00150.mseed,1974-07-06T02:59:25.325075,10765.132075471698
xa.s12.00.mhz.1974-07-06HR00_evid00150.mseed,1974-07-06T12:45:40.570358,45940.377358490565
xa.s12.00.mhz.1974-07-06HR00_evid00150.mseed,1974-07-06T21:13:26.381679,76406.18867924529
xa.s12.00.mhz.1974-07-06HR00_evid00150.mseed,1974-07-06T21:30:55.438283,77455.24528301887
xa.s12.00.mhz.1974-07-06HR00_evid00151.mseed,1974-07-06T02:59:25.325075,10765.132075471698
xa.s12.00.mhz.1974-07-06HR00_evid00151.mseed,1974-07-06T12:45:40.570358,45940.377358490565
xa.s12.00.mhz.1974-07-06HR00_evid00151.mseed,1974-07-06T21:13:26.381679,76406.18867924529
xa.s12.00.mhz.1974-07-06HR00_evid00151.mseed,1974-07-06T21:30:55.438283,77455.24528301887
xa.s12.00.mhz.1974-07-11HR00_evid00152.mseed,1974-07-11T00:10:00.208057,599.8490566037735
xa.s12.00.mhz.1974-07-11HR00_evid00152.mseed,1974-07-11T00:53:30.321264,3209.9622641509436
xa.s12.00.mhz.1974-07-11HR00_evid00152.mseed,1974-07-11T04:15:11.151453,15310.792452830188
xa.s12.00.mhz.1974-07-11HR00_evid00152.mseed,1974-07-11T05:35:35.151453,20134.79245283019
xa.s12.00.mhz.1974-07-11HR00_evid00152.mseed,1974-07-11T09:20:33.566547,33633.20754716981
xa.s12.00.mhz.1974-07-11HR00_evid00152.mseed,1974-07-11T16:47:55.528811,60475.16981132075
xa.s12.00.mhz.1974-07-11HR00_evid00152.mseed,1974-07-11T18:00:49.113717,64848.75471698113
xa.s12.00.mhz.1974-07-11HR00_evid00152.mseed,1974-07-11T19:12:55.604283,69175.24528301887
xa.s12.00.mhz.1974-10-14HR00_evid00156.mseed,1974-10-14T00:10:00.845057,599.8490566037735
xa.s12.00.mhz.1974-10-14HR00_evid00156.mseed,1974-10-14T00:19:04.694113,1143.698113207547
xa.s12.00.mhz.1974-10-14HR00_evid00156.mseed,1974-10-14T02:10:13.524302,7812.528301886792
xa.s12.00.mhz.1974-10-14HR00_evid00156.mseed,1974-10-14T03:50:48.543170,13847.547169811322
xa.s12.00.mhz.1974-10-14HR00_evid00156.mseed,1974-10-14T04:45:12.392226,17111.396226415094
xa.s12.00.mhz.1974-10-14HR00_evid00156.mseed,1974-10-14T05:02:54.128075,18173.132075471698
xa.s12.00.mhz.1974-10-14HR00_evid00156.mseed,1974-10-14T06:35:39.109208,23738.11320754717
xa.s12.00.mhz.1974-10-14HR00_evid00156.mseed,1974-10-14T06:52:46.429962,24765.43396226415
xa.s12.00.mhz.1974-10-14HR00_evid00156.mseed,1974-10-14T13:37:03.335623,49022.339622641506
xa.s12.00.mhz.1974-10-14HR00_evid00156.mseed,1974-10-14T16:57:10.580906,61029.58490566038
xa.s12.00.mhz.1974-10-14HR00_evid00156.mseed,1974-10-14T17:45:19.939396,63918.943396226416
xa.s12.00.mhz.1975-04-12HR00_evid00191.mseed,1975-04-12T00:10:00.036057,599.8490566037735
xa.s12.00.mhz.1975-04-12HR00_evid00191.mseed,1975-04-12T03:15:01.620962,11701.433962264151
xa.s12.00.mhz.1975-04-12HR00_evid00191.mseed,1975-04-12T05:58:40.639830,21520.45283018868
xa.s12.00.mhz.1975-04-12HR00_evid00191.mseed,1975-04-12T12:41:32.262472,45692.07547169811
xa.s12.00.mhz.1975-04-12HR00_evid00191.mseed,1975-04-12T18:18:13.620962,65893.43396226416
xa.s12.00.mhz.1975-05-04HR00_evid00192.mseed,1975-05-04T10:05:59.853226,36359.3962264151
xa.s12.00.mhz.1975-06-24HR00_evid00196.mseed,1975-06-24T00:10:00.088057,599.8490566037735
xa.s12.00.mhz.1975-06-24HR00_evid00196.mseed,1975-06-24T00:42:51.408811,2571.169811320755
xa.s12.00.mhz.1975-06-24HR00_evid00196.mseed,1975-06-24T00:59:38.201264,3577.9622641509436
xa.s12.00.mhz.1975-06-24HR00_evid00196.mseed,1975-06-24T01:08:48.389943,4128.1509433962265
xa.s12.00.mhz.1975-06-24HR00_evid00196.mseed,1975-06-24T01:33:51.786170,5631.547169811321
xa.s12.00.mhz.1975-06-24HR00_evid00196.mseed,1975-06-24T01:46:39.937113,6399.698113207547
xa.s12.00.mhz.1975-06-24HR00_evid00196.mseed,1975-06-24T01:54:03.408811,6843.169811320755
xa.s12.00.mhz.1975-06-24HR00_evid00196.mseed,1975-06-24T02:13:35.635226,8015.396226415094
xa.s12.00.mhz.1975-06-24HR00_evid00196.mseed,1975-06-24T11:21:30.352208,40890.11320754717
xa.s12.00.mhz.1975-06-24HR00_evid00196.mseed,1975-06-24T16:04:16.389943,57856.15094339623
xa.s12.00.mhz.1975-06-24HR00_evid00196.mseed,1975-06-24T21:12:26.503151,76346.2641509434
xa.s12.00.mhz.1975-06-26HR00_evid00198.mseed,1975-06-26T00:10:57.296717,656.7547169811321
xa.s12.00.mhz.1975-06-26HR00_evid00198.mseed,1975-06-26T00:21:51.183509,1310.6415094339623
xa.s12.00.mhz.1975-06-26HR00_evid00198.mseed,1975-06-26T00:58:00.089170,3479.5471698113206
xa.s12.00.mhz.1975-06-26HR00_evid00198.mseed,1975-06-26T01:04:11.862755,3851.3207547169814
xa.s12.00.mhz.1975-06-26HR00_evid00198.mseed,1975-06-26T01:19:02.730679,4742.188679245283
xa.s12.00.mhz.1975-06-26HR00_evid00198.mseed,1975-06-26T01:22:05.674075,4925.132075471698
xa.s12.00.mhz.1975-06-26HR00_evid00198.mseed,1975-06-26T01:31:57.674075,5517.132075471698
xa.s12.00.mhz.1975-06-26HR00_evid00198.mseed,1975-06-26T02:08:09.598604,7689.056603773585
xa.s12.00.mhz.1975-06-26HR00_evid00198.mseed,1975-06-26T02:12:29.372189,7948.830188679245
xa.s12.00.mhz.1975-06-26HR00_evid00198.mseed,1975-06-26T02:30:28.315585,9027.77358490566
xa.s12.00.mhz.1975-06-26HR00_evid00198.mseed,1975-06-26T02:32:47.485396,9166.943396226416
xa.s12.00.mhz.1975-06-26HR00_evid00198.mseed,1975-06-26T02:44:11.560868,9851.018867924528
xa.s12.00.mhz.1975-06-26HR00_evid00198.mseed,1975-06-26T02:52:55.334453,10374.792452830188
xa.s12.00.mhz.1975-06-26HR00_evid00198.mseed,1975-06-26T03:26:12.617472,12372.075471698114
xa.s12.00.mhz.1975-06-26HR00_evid00198.mseed,1975-06-26T14:16:56.692943,51416.15094339623
xa.s12.00.mhz.1975-06-26HR00_evid00198.mseed,1975-06-26T20:35:20.843887,74120.30188679245
xa.s12.00.mhz.1975-06-26HR00_evid00198.mseed,1975-06-26T21:53:02.881623,78782.3396226415
xa.s12.00.mhz.1975-06-26HR00_evid00198.mseed,1975-06-26T22:04:21.070302,79460.52830188679
xa.s12.00.mhz.1975-06-26HR00_evid00198.mseed,1975-06-26T23:45:57.070302,85556.52830188679
